"image_id","image_url","blog_id"
"084e3004-8287-47fe-afd2-6c7e9e851992",https://firebasestorage.googleapis.com/v0/b/beautyboutique-7ebb3.appspot.com/o/Blog-post%2F084e3004-8287-47fe-afd2-6c7e9e851992?alt=media&token=32c322ee-ec3c-42fc-8053-e597e8c32ced,11
"0b1da8b5-1ecb-4fd7-8b78-5d4c31ad1faa",https://firebasestorage.googleapis.com/v0/b/beautyboutique-7ebb3.appspot.com/o/Blog-post%2F0b1da8b5-1ecb-4fd7-8b78-5d4c31ad1faa?alt=media&token=0f765ae8-d0a0-4fb0-8d46-dc88ba35a6cd,15
"1242b23f-d64e-4355-8157-1d488e63cea3",https://firebasestorage.googleapis.com/v0/b/beautyboutique-7ebb3.appspot.com/o/Blog-post%2F1242b23f-d64e-4355-8157-1d488e63cea3?alt=media&token=c27b9042-d71e-458f-ae09-5e75927e4c43,13
"2d5ba04e-d765-4a71-9be8-e2c157d2d1ec",https://firebasestorage.googleapis.com/v0/b/beautyboutique-7ebb3.appspot.com/o/Blog-post%2F2d5ba04e-d765-4a71-9be8-e2c157d2d1ec?alt=media&token=e97ef1c9-17f9-4579-8b16-6c08e968c0f9,15
"468c2a67-48ef-45f1-b4cc-d04f9952f290",https://firebasestorage.googleapis.com/v0/b/beautyboutique-7ebb3.appspot.com/o/Blog-post%2F468c2a67-48ef-45f1-b4cc-d04f9952f290?alt=media&token=54d2af01-ea68-4a9c-9e02-7f9cde51376e,11
"4c6d578b-b2d4-4488-8a84-1a8ad4116d53",https://firebasestorage.googleapis.com/v0/b/beautyboutique-7ebb3.appspot.com/o/Blog-post%2F4c6d578b-b2d4-4488-8a84-1a8ad4116d53?alt=media&token=f716e8a4-64cd-40c1-903c-78e1282bed33,13
"4f4cc501-0014-435e-a7cd-6956e5564062",https://firebasestorage.googleapis.com/v0/b/beautyboutique-7ebb3.appspot.com/o/Blog-post%2F4f4cc501-0014-435e-a7cd-6956e5564062?alt=media&token=17aa40c6-56b6-4c8c-af0f-0861be2a7764,11
"575e84d6-f8b6-40a6-9cb4-ea69b836a47f",https://firebasestorage.googleapis.com/v0/b/beautyboutique-7ebb3.appspot.com/o/Blog-post%2F575e84d6-f8b6-40a6-9cb4-ea69b836a47f?alt=media&token=8986e25a-bc07-4403-a2e5-376ce05957ff,15
"5baf33fe-4cb3-48af-a175-c84c4285f487",https://firebasestorage.googleapis.com/v0/b/beautyboutique-7ebb3.appspot.com/o/Blog-post%2F5baf33fe-4cb3-48af-a175-c84c4285f487?alt=media&token=c0218deb-56e5-45ce-843e-ab033080984d,11
"75d1ad2c-f1c6-4125-a093-c05d0801136a",https://firebasestorage.googleapis.com/v0/b/beautyboutique-7ebb3.appspot.com/o/Blog-post%2F75d1ad2c-f1c6-4125-a093-c05d0801136a?alt=media&token=231640b8-a3c1-4abf-9a03-d1fe8e2aaec4,11
"81478abf-fa97-4d65-8a42-efe774351996",https://firebasestorage.googleapis.com/v0/b/beautyboutique-7ebb3.appspot.com/o/Blog-post%2F81478abf-fa97-4d65-8a42-efe774351996?alt=media&token=b6080c70-6101-4985-80ff-874c02098a0f,15
a46f3dbb-0469-4d6f-a59f-ca5fb51a6fc0,https://firebasestorage.googleapis.com/v0/b/beautyboutique-7ebb3.appspot.com/o/Blog-post%2Fa46f3dbb-0469-4d6f-a59f-ca5fb51a6fc0?alt=media&token=52123c85-93c5-44a0-87ad-9c6ab18a6f42,14
ac95bed8-c2c3-47d7-a9db-e54cc7586183,https://firebasestorage.googleapis.com/v0/b/beautyboutique-7ebb3.appspot.com/o/Blog-post%2Fac95bed8-c2c3-47d7-a9db-e54cc7586183?alt=media&token=bb177a92-3e69-45fa-bc7b-eb2b92c01983,11
c43da196-e7c9-400a-9efb-e9a213015eda,https://firebasestorage.googleapis.com/v0/b/beautyboutique-7ebb3.appspot.com/o/Blog-post%2Fc43da196-e7c9-400a-9efb-e9a213015eda?alt=media&token=3f4e6ed0-1d38-4d88-97a1-b42dfd6a0ef3,12
d21f524a-be17-41ab-89ea-5c01aa16f37b,https://firebasestorage.googleapis.com/v0/b/beautyboutique-7ebb3.appspot.com/o/Blog-post%2Fd21f524a-be17-41ab-89ea-5c01aa16f37b?alt=media&token=5021ab0c-e346-4e46-b64f-3351f7483491,14
f53217bc-1c94-4c5d-b70e-0d424ab6bea2,https://firebasestorage.googleapis.com/v0/b/beautyboutique-7ebb3.appspot.com/o/Blog-post%2Ff53217bc-1c94-4c5d-b70e-0d424ab6bea2?alt=media&token=01f3e0be-1467-4ce8-9c38-86a3c521c846,12
f6216b9f-69eb-4b67-8821-516e8b8f1a46,https://firebasestorage.googleapis.com/v0/b/beautyboutique-7ebb3.appspot.com/o/Blog-post%2Ff6216b9f-69eb-4b67-8821-516e8b8f1a46?alt=media&token=c3c99bc4-89b3-4942-932b-89b464977e74,13
