"id","content","create_date","like_count","title","user_id"
11,"Start with a clean canvas by cleansing your face thoroughly.
Apply a moisturizer to hydrate your skin and create a smooth base for makeup.
Use a primer to minimize pores and help your makeup last longer.
Choose a foundation that matches your skin tone and blend it evenly.
Conceal any imperfections with a concealer and set it with a translucent powder.
Add definition to your features with bronzer, blush, and highlighter.
Fill in your eyebrows for a polished look.
Apply eyeshadow, eyeliner, and mascara to enhance your eyes.
Finish with a lip color of your choice.
Set your makeup with a setting spray to keep it in place all day.","2024-03-27 15:13:10",0,Achieve a Flawless Makeup Look with These Essential Tips,2
12,"Cleansing your face twice a day removes dirt, oil, and impurities.
Exfoliate regularly to slough off dead skin cells and reveal brighter, smoother skin.
Use a toner to balance your skin's pH levels and tighten pores.
Apply a serum to target specific skin concerns such as aging, acne, or hyperpigmentation.
Moisturize daily to keep your skin hydrated and prevent dryness.
Don't forget to apply sunscreen every morning to protect your skin from UV damage.
Treat yourself to a weekly face mask to nourish and pamper your skin.
Drink plenty of water to stay hydrated from the inside out.
Get enough sleep to allow your skin time to repair and regenerate overnight.
Be patient and consistent with your skincare routine for best results.","2024-03-27 15:14:30",0,The Importance of a Consistent Skincare Routine,2
13,"Start with a lightweight, tinted moisturizer for a natural-looking base.
Use a creamy concealer to cover any blemishes or dark circles.
Opt for a versatile eyeshadow palette with neutral shades for everyday wear.
Invest in a good set of makeup brushes for precise application.
Choose a lengthening mascara to enhance your lashes without clumping.
Add a pop of color to your cheeks with a buildable blush.
Define your brows with a brow pencil or tinted brow gel.
Finish your look with a sheer lip gloss or tinted lip balm.
Don't forget to set your makeup with a translucent powder to prevent shine.
Experiment with different products and techniques to find what works best for you.","2024-03-27 15:15:45",0,Must-Have Makeup Products for Beginners,3
14,"Hyaluronic Acid: Helps hydrate and plump the skin, reducing the appearance of fine lines and wrinkles.
Vitamin C: Brightens the skin, evens out skin tone, and protects against environmental damage.
Retinol: Stimulates collagen production, smooths skin texture, and reduces the signs of aging.
Niacinamide (Vitamin B3): Minimizes pores, regulates oil production, and improves overall skin texture.
Glycolic Acid: Exfoliates dead skin cells, promotes cell turnover, and improves skin radiance.","2024-03-27 15:20:27",0,"5 Essential Skincare Ingredients to Look for in Your Products",4
15,"Overapplying Foundation: Use a light hand and build coverage gradually to avoid a cakey finish.
Skipping Primer: Primer helps smooth the skin's surface and ensures makeup lasts longer throughout the day.
Ignoring Makeup Brushes: Quality brushes can make a big difference in makeup application and blending.
Forgetting to Blend: Always blend foundation, concealer, and eyeshadow seamlessly to avoid harsh lines.
Not Setting Makeup: Set your makeup with a translucent powder or setting spray to prevent smudging and creasing.","2024-03-27 15:21:43",0,"5 Common Makeup Mistakes and How to Avoid Them",5
